{"time/fps":2883,"_wandb":{"runtime":49},"train/explained_variance":0.016566157,"train/clip_fraction":0.016589355,"train/policy_gradient_loss":-0.0022493983,"train/value_loss":289731.22,"train/clip_range":0.2,"train/entropy_loss":-0.13114579,"train/learning_rate":0.0003,"_step":132,"train/approx_kl":0.0028042735,"_timestamp":1.756870947758056e+09,"global_step":106496,"train/std":0.24733095,"_runtime":49,"train/loss":111466.71}